{"cameraMode":{"drawMode":0,"name":"Shaded","section":"Shading Mode"},"sceneLighting":true,"audioPlay":false,"sceneViewState":{"m_AlwaysRefresh":false,"showFog":true,"showSkybox":true,"showFlares":true,"showImageEffects":true,"showParticleSystems":true,"showVisualEffectGraphs":true,"m_FxEnabled":true},"in2DMode":false,"pivot":{"x":848.0245361328125,"y":167.90338134765626,"z":220.55760192871095},"rotation":{"x":0.2693173885345459,"y":0.06464023888111115,"z":-0.018117060884833337,"w":0.9607343077659607},"size":307.49932861328127,"orthographic":false}