{"cameraMode":{"drawMode":0,"name":"Shaded","section":"Shading Mode"},"sceneLighting":true,"audioPlay":false,"sceneViewState":{"m_AlwaysRefresh":false,"showFog":true,"showSkybox":true,"showFlares":true,"showImageEffects":true,"showParticleSystems":true,"showVisualEffectGraphs":true,"m_FxEnabled":true},"in2DMode":false,"pivot":{"x":382.9562683105469,"y":12.301740646362305,"z":246.57235717773438},"rotation":{"x":0.22783994674682618,"y":0.18703655898571015,"z":-0.04465285688638687,"w":0.9545361995697022},"size":14.959856033325196,"orthographic":false}