{"cameraMode":{"drawMode":0,"name":"Shaded","section":"Shading Mode"},"sceneLighting":true,"audioPlay":false,"sceneViewState":{"m_AlwaysRefresh":false,"showFog":true,"showSkybox":true,"showFlares":true,"showImageEffects":true,"showParticleSystems":true,"showVisualEffectGraphs":true,"m_FxEnabled":true},"in2DMode":false,"pivot":{"x":183.70762634277345,"y":9.951976776123047,"z":296.6784973144531},"rotation":{"x":0.3384469449520111,"y":0.015520084649324417,"z":-0.0055867708288133148,"w":0.9408597946166992},"size":687.5596313476563,"orthographic":false}